{
  "model_type": "xgboost",
  "trained_at": "2026-03-27T14:26:45.937444+00:00",
  "n_samples": 1417,
  "n_train": 1133,
  "n_test": 284,
  "sklearn_version": "1.8.0",
  "xgboost_version": "3.2.0",
  "feature_cols": [
    "avg_kda_20",
    "avg_cs_per_min_20",
    "avg_gold_per_min_20",
    "avg_kill_part_20",
    "death_rate_20",
    "vision_per_min_20",
    "kda_std_10",
    "cs_trend_10",
    "team_avg_win_rate_20",
    "team_avg_kda_20",
    "team_avg_cs_min_20",
    "team_gold_diff_prior",
    "patch_version_float",
    "role_encoded",
    "avg_role_norm_kda_20",
    "opp_avg_win_rate_20",
    "opp_avg_kda_20",
    "opp_avg_cs_min_20"
  ],
  "train_medians": {
    "avg_kda_20": 3.9618181818181815,
    "avg_cs_per_min_20": 7.58625,
    "avg_gold_per_min_20": 455.63,
    "avg_kill_part_20": 0.5114307692307692,
    "death_rate_20": 4.933333333333334,
    "vision_per_min_20": 1.0711111111111111,
    "kda_std_10": 3.2567417255082827,
    "cs_trend_10": -0.007454545454545463,
    "team_avg_win_rate_20": 0.5714285714285714,
    "team_avg_kda_20": 3.9618181818181815,
    "team_avg_cs_min_20": 7.58625,
    "team_gold_diff_prior": -322.50272727272727,
    "patch_version_float": 16.05,
    "role_encoded": 2.0,
    "avg_role_norm_kda_20": -0.0681766067359971,
    "opp_avg_win_rate_20": 0.5,
    "opp_avg_kda_20": 2.5,
    "opp_avg_cs_min_20": 7.0
  },
  "metrics": {
    "rmse": 1.076,
    "mae": 0.7822,
    "r2": 0.8914,
    "ridge_r2": 0.6376,
    "xgb_r2": 0.8914
  }
}