{
  "model_type": "ridge",
  "trained_at": "2026-04-14T14:37:16.524265+00:00",
  "n_samples": 11660,
  "n_train": 9328,
  "n_test": 2332,
  "sklearn_version": "1.8.0",
  "xgboost_version": "3.2.0",
  "feature_cols": [
    "avg_kda_20",
    "avg_cs_per_min_20",
    "avg_gold_per_min_20",
    "avg_kill_part_20",
    "death_rate_20",
    "vision_per_min_20",
    "kda_std_10",
    "cs_trend_10",
    "team_avg_win_rate_20",
    "team_avg_kda_20",
    "team_avg_cs_min_20",
    "team_gold_diff_prior",
    "patch_version_float",
    "role_encoded",
    "avg_role_norm_kda_20",
    "opp_avg_win_rate_20",
    "opp_avg_kda_20",
    "opp_avg_cs_min_20"
  ],
  "train_medians": {
    "avg_kda_20": 3.6957500000000003,
    "avg_cs_per_min_20": 7.331519230769231,
    "avg_gold_per_min_20": 437.03441666666663,
    "avg_kill_part_20": 0.49636794871794876,
    "death_rate_20": 4.95,
    "vision_per_min_20": 1.1363068181818181,
    "kda_std_10": 3.129250442554133,
    "cs_trend_10": 0.005939393939393977,
    "team_avg_win_rate_20": 0.5210084033613446,
    "team_avg_kda_20": 3.8582666666666667,
    "team_avg_cs_min_20": 6.6463636363636365,
    "team_gold_diff_prior": 1.1443552350426955,
    "patch_version_float": 16.06,
    "role_encoded": 2.0,
    "avg_role_norm_kda_20": 0.01730249699950657,
    "opp_avg_win_rate_20": 0.5145768833849329,
    "opp_avg_kda_20": 3.8442205882352942,
    "opp_avg_cs_min_20": 6.614763888888889
  },
  "metrics": {
    "rmse": 4.0136,
    "mae": 2.759,
    "r2": 0.0282,
    "ridge_r2": 0.0282,
    "xgb_r2": 0.0277
  }
}