{
  "model_type": "ridge",
  "trained_at": "2026-04-06T15:18:09.022162+00:00",
  "n_samples": 2617,
  "n_train": 2093,
  "n_test": 524,
  "sklearn_version": "1.8.0",
  "xgboost_version": "3.2.0",
  "feature_cols": [
    "avg_kda_20",
    "avg_cs_per_min_20",
    "avg_gold_per_min_20",
    "avg_kill_part_20",
    "death_rate_20",
    "vision_per_min_20",
    "kda_std_10",
    "cs_trend_10",
    "team_avg_win_rate_20",
    "team_avg_kda_20",
    "team_avg_cs_min_20",
    "team_gold_diff_prior",
    "patch_version_float",
    "role_encoded",
    "avg_role_norm_kda_20",
    "opp_avg_win_rate_20",
    "opp_avg_kda_20",
    "opp_avg_cs_min_20"
  ],
  "train_medians": {
    "avg_kda_20": 3.8741176470588234,
    "avg_cs_per_min_20": 7.446842105263158,
    "avg_gold_per_min_20": 449.1835714285714,
    "avg_kill_part_20": 0.51305,
    "death_rate_20": 5.0,
    "vision_per_min_20": 1.1016666666666666,
    "kda_std_10": 3.165087500984592,
    "cs_trend_10": 0.0044848484848484865,
    "team_avg_win_rate_20": 0.5714285714285714,
    "team_avg_kda_20": 3.8741176470588234,
    "team_avg_cs_min_20": 7.446842105263158,
    "team_gold_diff_prior": -309.0733333333333,
    "patch_version_float": 16.06,
    "role_encoded": 2.0,
    "avg_role_norm_kda_20": -0.07953870718210349,
    "opp_avg_win_rate_20": 0.5,
    "opp_avg_kda_20": 2.5,
    "opp_avg_cs_min_20": 7.0
  },
  "metrics": {
    "rmse": 4.1156,
    "mae": 2.796,
    "r2": 0.031,
    "ridge_r2": 0.031,
    "xgb_r2": -0.0353
  }
}