{
  "model_type": "ridge",
  "trained_at": "2026-04-16T04:12:38.060164+00:00",
  "n_samples": 12065,
  "n_train": 9652,
  "n_test": 2413,
  "sklearn_version": "1.8.0",
  "xgboost_version": "3.2.0",
  "feature_cols": [
    "avg_kda_20",
    "avg_cs_per_min_20",
    "avg_gold_per_min_20",
    "avg_kill_part_20",
    "death_rate_20",
    "vision_per_min_20",
    "kda_std_10",
    "cs_trend_10",
    "team_avg_win_rate_20",
    "team_avg_kda_20",
    "team_avg_cs_min_20",
    "team_gold_diff_prior",
    "patch_version_float",
    "role_encoded",
    "avg_role_norm_kda_20",
    "opp_avg_win_rate_20",
    "opp_avg_kda_20",
    "opp_avg_cs_min_20"
  ],
  "train_medians": {
    "avg_kda_20": 3.6949999999999994,
    "avg_cs_per_min_20": 7.332857142857143,
    "avg_gold_per_min_20": 437.21166666666664,
    "avg_kill_part_20": 0.496275,
    "death_rate_20": 4.95,
    "vision_per_min_20": 1.13625,
    "kda_std_10": 3.1211066413480117,
    "cs_trend_10": 0.0,
    "team_avg_win_rate_20": 0.5211688311688312,
    "team_avg_kda_20": 3.8597638888888888,
    "team_avg_cs_min_20": 6.624812500000001,
    "team_gold_diff_prior": 1.2883680555556225,
    "patch_version_float": 16.06,
    "role_encoded": 2.0,
    "avg_role_norm_kda_20": 0.01530184177437218,
    "opp_avg_win_rate_20": 0.5157142857142857,
    "opp_avg_kda_20": 3.8553333333333333,
    "opp_avg_cs_min_20": 6.596403896103896
  },
  "metrics": {
    "rmse": 4.112,
    "mae": 2.761,
    "r2": 0.0261,
    "ridge_r2": 0.0261,
    "xgb_r2": 0.0236
  }
}